"CT_ID_10","TotalPop","MedHouseIncome","FamPovPer","UnempRate","COI.ALLCOMPLEV","COI.ALLCOMPLEV.NUM"
25001010100,2962,42228,7.67,8.93,NA,NA
25001010206,3168,48452,1.8,11.6,NA,NA
25001010208,1589,62051,11.39,4.59,NA,NA
25001010304,2107,61138,2.82,7.09,NA,NA
25001010306,2817,55455,4.7,9.41,NA,NA
25001010400,3081,46741,2.8,4.23,NA,NA
25001010500,2766,68508,6.55,2.16,NA,NA
25001010600,3238,66852,6.21,7.43,NA,NA
25001010700,2904,64375,11.81,5.6,NA,NA
25001010800,4860,76768,1.95,7.11,NA,NA
25001010900,5019,65231,3.13,2.48,NA,NA
25001011002,4192,60044,2.24,6.29,NA,NA
25001011100,4525,79766,2.19,4.31,NA,NA
25001011200,3450,68617,5.39,5.43,NA,NA
25001011300,2804,69148,4.19,8.33,NA,NA
25001011400,3148,61108,9.92,6.01,NA,NA
25001011500,3912,49335,5.31,10.03,NA,NA
25001011600,2313,46813,4.17,6.87,NA,NA
25001011700,1890,60903,4.72,7.83,NA,NA
25001011801,2439,55507,2.29,3.94,NA,NA
25001011802,4028,65806,4.11,4.02,NA,NA
25001012001,5767,53739,2.68,7.61,NA,NA
25001012002,2743,44835,7.97,12.72,NA,NA
25001012101,5585,67596,3.37,4.82,NA,NA
25001012102,2986,65651,4.53,9.61,NA,NA
25001012200,5016,87188,6.2,3.77,NA,NA
25001012502,3390,57042,2.95,5.53,NA,NA
25001012601,3832,64000,8.92,9,NA,NA
25001012602,4278,37478,16.32,8.18,NA,NA
25001012700,3995,73646,1.97,3.62,NA,NA
25001012800,4051,64144,3.35,9.28,NA,NA
25001012900,3820,70404,3.51,7.44,NA,NA
25001013002,2987,68289,0.84,8.79,NA,NA
25001013100,5179,79659,3.45,3.7,NA,NA
25001013200,4882,70929,6.25,7,NA,NA
25001013300,3285,68295,3.95,8.02,NA,NA
25001013400,3848,87969,4.25,7.11,NA,NA
25001013500,6702,97689,3.2,7.44,NA,NA
25001013600,6657,93003,3.14,3.39,NA,NA
25001013700,4407,72031,6.05,6.17,NA,NA
25001013800,4951,73729,11.02,6.89,NA,NA
25001013900,5564,72344,7.13,2.41,NA,NA
25001014002,4118,62543,4.46,2.72,NA,NA
25001014100,756,44405,7.87,0,NA,NA
25001014300,4175,86510,1.1,5.5,NA,NA
25001014402,6937,84583,4.77,4.81,NA,NA
25001014500,5328,69236,10.08,8.68,NA,NA
25001014600,4166,64357,4.22,9.13,NA,NA
25001014700,3653,61875,2.97,5.37,NA,NA
25001014800,3517,36066,1.94,4.48,NA,NA
25001014900,3768,79856,3.52,5.74,NA,NA
25001015001,4520,76356,3.05,5.54,NA,NA
25001015002,3727,61412,3.98,9.1,NA,NA
25001015100,3665,75625,6.82,5.67,NA,NA
25001015200,2168,85240,3.36,4.27,NA,NA
25001015300,3068,32786,16.95,7.95,NA,NA
25001990000,0,NA,NA,NA,NA,NA
25003900100,3289,20310,31.15,22.91,NA,NA
25003900200,4227,28692,15.08,10.52,NA,NA
25003900300,2693,43712,11.35,8.58,NA,NA
25003900400,5224,46134,18.73,9.56,NA,NA
25003900500,3421,75929,4.92,5.35,NA,NA
25003900600,3601,21938,41.44,21.08,NA,NA
25003900700,2781,52619,11.4,6.36,NA,NA
25003900800,4777,80388,1.15,6.22,NA,NA
25003900900,5018,62699,10.86,11.8,NA,NA
25003901100,3516,56818,3.08,3.29,NA,NA
25003911100,3019,74519,0,9.01,NA,NA
25003912100,6682,55774,6.96,6.94,NA,NA
25003913100,5015,55777,4.83,5.7,NA,NA
25003914100,5856,61507,3.85,4.82,NA,NA
25003920101,4311,73125,8.71,6.26,NA,NA
25003920102,3281,72407,6.65,6.54,NA,NA
25003921300,4603,27863,10.11,6.51,NA,NA
25003921400,1592,36231,13.49,14.59,NA,NA
25003921500,3190,41959,15.33,9.24,NA,NA
25003922100,2476,41829,15,4.83,NA,NA
25003922200,3720,53304,7.18,10.45,NA,NA
25003922300,2070,52569,3.23,7.06,NA,NA
25003923100,3192,58145,2.03,8.97,NA,NA
25003924100,2110,56554,2.31,4.75,NA,NA
25003925100,6933,56431,4.67,7.92,NA,NA
25003926100,3205,68603,8.76,5.21,NA,NA
25003931100,1652,60404,4.64,6.87,NA,NA
25003931300,1557,55417,6.67,9.52,NA,NA
25003931400,1753,70852,5.73,7.07,NA,NA
25003932200,2247,72981,3.56,6.64,NA,NA
25003932300,1955,60511,4.06,5.75,NA,NA
25003933200,1235,72386,4.24,6.02,NA,NA
25003933300,1435,72321,2.73,5.42,NA,NA
25003933400,2445,69306,3.8,6.77,NA,NA
25003934200,1194,69167,4.9,1.3,NA,NA
25003934300,1776,67156,3.28,4.03,NA,NA
25003935100,2486,79091,2.2,5.83,NA,NA
25003935200,5085,53365,15.23,6.86,NA,NA
25003935300,3941,31563,16.13,16.99,NA,NA
25005600100,4022,80000,4.78,4.97,"Very High",1
25005600202,4922,76068,3.5,11.39,"Moderate",0.5
25005600203,5644,127344,1.55,2.86,"Very High",1
25005600204,3894,112250,4.78,5.17,"Very High",1
25005610100,5455,83006,0,8.7,"Very High",1
25005610202,5511,127679,0.87,5.55,"Very High",1
25005610203,6777,111647,1.43,6.99,"Very High",1
25005610204,5872,103870,3.73,8.93,"Very High",1
25005611101,4531,94939,3.74,6.93,"High",0.75
25005611102,5340,106250,0.97,5.44,"Very High",1
25005611201,2943,87404,5.7,3.19,"High",0.75
25005611202,6595,92893,3.06,4.46,"Moderate",0.5
25005612100,4695,97355,5.49,4.42,"Very High",1
25005612200,9004,83259,4.58,8.49,"Very High",1
25005613100,6806,65625,0.86,6.23,"High",0.75
25005613300,7151,71847,6.86,4.2,"Very High",1
25005613400,3447,75096,6.65,7.66,"Moderate",0.5
25005613600,3930,40833,13.26,8.88,"Moderate",0.5
25005613700,4263,45348,12.74,11.22,"High",0.75
25005613800,4564,34207,15.72,11.4,"Low",0.25
25005613901,2743,39637,18.09,5.17,"Moderate",0.5
25005613902,5235,63491,8.09,8.51,"Low",0.25
25005614000,4606,39653,25.55,9.22,"Moderate",0.5
25005614101,6918,54258,6.23,8.17,"Moderate",0.5
25005614102,6841,90236,3.59,4.86,"High",0.75
25005615100,7320,92818,2.33,6.48,"Moderate",0.5
25005616100,6589,95186,1.94,5.5,"Moderate",0.5
25005617101,5078,99213,2.56,3.68,"High",0.75
25005617102,4033,80953,2.35,5.46,"Low",0.25
25005630101,2664,61250,9.66,4.92,"Very High",1
25005630102,4371,54550,6.04,12.06,"High",0.75
25005630200,8034,112759,4.38,4.92,"Very High",1
25005630300,9003,93160,2.99,6.47,"Very High",1
25005630400,4873,83125,0,4.09,"Very High",1
25005631100,8089,61273,5.11,6.96,"High",0.75
25005631200,7443,90182,5.66,8.58,"Very High",1
25005631300,5132,83209,0.85,5.1,"Very High",1
25005631400,2882,35393,30.99,15.11,"Moderate",0.5
25005631500,2826,64742,14.56,12.74,"Moderate",0.5
25005631600,4052,58831,14.4,9.19,"Low",0.25
25005631700,6476,87022,4.12,4.94,"Very High",1
25005631800,7221,67413,9.91,5.26,"High",0.75
25005632100,6997,85074,4.16,7.88,"Very High",1
25005632200,7656,77435,6.4,5.01,"Very High",1
25005633100,5598,83897,4.33,4.95,"Very High",1
25005633200,6316,92259,1.56,2.78,"Moderate",0.5
25005640100,4865,41995,13.91,15.75,"Low",0.25
25005640200,5927,27917,23.96,19.35,"Very Low",0
25005640300,3975,29833,20.09,12.29,"Very Low",0
25005640400,2667,37000,13.23,14.2,"Low",0.25
25005640500,5256,41470,15.49,17.28,"Low",0.25
25005640600,4452,36750,13.19,7.88,"Very Low",0
25005640700,2924,44940,14.42,13.27,"Very Low",0
25005640800,3962,40636,9.25,6.23,"Very Low",0
25005640901,5420,26617,24.87,14.24,"Very Low",0
25005641000,2219,19255,30.9,13.51,"Very Low",0
25005641101,1647,16660,21.07,15.76,"Very Low",0
25005641200,3228,29938,31.42,8.09,"Very Low",0
25005641300,5322,24375,45.31,19.07,"Very Low",0
25005641400,2429,26601,21.29,21.56,"Very Low",0
25005641500,2165,38625,9.7,5.23,"Very Low",0
25005641600,1986,40645,17.18,7.27,"Low",0.25
25005641700,5232,50256,12.36,13.79,"High",0.75
25005641800,2234,51373,16.35,9.83,"High",0.75
25005641900,2158,31431,18.71,17.62,"Low",0.25
25005642000,3048,23359,29.62,18.23,"Very Low",0
25005642100,4047,47105,20.64,5.98,"Moderate",0.5
25005642200,3953,41042,20.77,10.78,"Moderate",0.5
25005642300,2130,91221,3.07,6.29,"High",0.75
25005642400,3144,51202,8.13,7.66,"Moderate",0.5
25005642500,4512,67059,4.98,4.61,"High",0.75
25005644101,6429,76414,4.33,7.88,"Very High",1
25005644102,5216,78650,4.13,6.81,"Very High",1
25005644200,6634,58502,4.96,13.66,"Very Low",0
25005645101,4674,70728,4.7,9.63,"Very Low",0
25005645102,5841,72632,3.59,3.13,"Moderate",0.5
25005645103,5734,86042,1.57,2.97,"Moderate",0.5
25005646101,7529,67841,1.98,5.71,"High",0.75
25005646103,5488,86591,3.87,6.42,"High",0.75
25005646104,2736,100100,5.89,6.6,"Low",0.25
25005650101,5708,69626,3.4,6.82,"Very Low",0
25005650102,4986,50370,15.77,6.88,"Very Low",0
25005650201,3060,57568,1.65,9.4,"Moderate",0.5
25005650202,2242,53139,8.38,9.92,"Low",0.25
25005650300,3323,48225,12.75,3.73,"Low",0.25
25005650400,3454,38108,14.37,13.35,"Very Low",0
25005650500,3158,43947,17.91,12.1,"Low",0.25
25005650600,2766,23929,25.97,8.31,"Very Low",0
25005650700,2267,32383,30.16,11.74,"Very Low",0
25005650800,3768,27366,38.08,7.03,"Very Low",0
25005650900,2949,27532,37.95,15.92,"Very Low",0
25005651001,2983,35469,5.22,7.81,"High",0.75
25005651002,3706,61088,14.72,8.94,"Moderate",0.5
25005651100,4369,30789,30.74,13.03,"Very Low",0
25005651200,2110,33875,42.89,15.53,"Very Low",0
25005651300,1991,22500,30.07,21.15,"Very Low",0
25005651400,3289,33832,24.83,9.83,"Very Low",0
25005651500,3056,42255,10.66,12.59,"Very Low",0
25005651600,3991,51733,11.8,13.05,"Low",0.25
25005651700,2372,24920,31.81,1.74,"Low",0.25
25005651800,1916,13337,54.58,7.06,"Very Low",0
25005651900,1753,22593,22.25,21.5,"Very Low",0
25005652000,2630,34405,21.81,8.1,"Very Low",0
25005652100,2785,48722,10.81,9.21,"Low",0.25
25005652200,2953,70410,1.91,6.94,"High",0.75
25005652300,2914,40788,29.67,9.67,"Moderate",0.5
25005652400,2669,34643,17.77,23.14,"Low",0.25
25005652500,2663,28305,38.55,10.74,"Very Low",0
25005652600,2768,30000,31.11,13.36,"Very Low",0
25005652700,3353,21571,27.5,11.02,"Very Low",0
25005652800,3036,58675,7.12,7.88,"Low",0.25
25005653101,6446,65777,10.69,12.33,"Very High",1
25005653102,5895,85257,0.66,9.41,"Low",0.25
25005653203,4952,60099,6.32,3.53,"Very High",1
25005653204,3131,68676,4.27,4.05,"High",0.75
25005653301,5182,56250,3.61,7.78,"Very High",1
25005653304,3217,94583,1.15,9.62,"High",0.75
25005654100,6858,80365,1.44,7.89,"High",0.75
25005654200,3556,58698,4.6,5.41,"Low",0.25
25005655100,4283,76521,2.3,4.31,"Very High",1
25005655200,4752,47589,14,2.52,"Moderate",0.5
25005655300,3332,44107,4.54,5.61,"Very High",1
25005655400,3711,67300,6.92,8.42,"Moderate",0.5
25005985500,5732,82222,8.62,6.87,"Low",0.25
25005985600,5288,113456,1.71,5.52,"Very High",1
25005990000,0,NA,NA,NA,NA,NA
25007200100,4072,46816,3.37,6.96,NA,NA
25007200200,4647,57773,10.91,1.43,NA,NA
25007200300,4247,70556,5.61,5.14,NA,NA
25007200400,4171,78854,3.65,3.88,NA,NA
25007990000,0,NA,NA,NA,NA,NA
25009201100,3471,72625,2.21,2.44,"High",0.75
25009202101,2044,108851,2.11,5.34,"High",0.75
25009202102,6264,74205,7.84,4.01,"High",0.75
25009202200,5942,133214,1.56,4.56,"Very High",1
25009203100,6859,130404,3.42,4.35,"Very High",1
25009203200,4806,101902,2.43,4.31,"High",0.75
25009203301,4100,76625,4.39,8.23,"High",0.75
25009203302,4598,89266,3.42,2.81,"High",0.75
25009204101,4974,57525,14.64,7.04,"Very Low",0
25009204102,5055,66953,5.81,4.26,"Low",0.25
25009204200,5141,40469,27.27,8.23,"Very Low",0
25009204300,3985,37451,24.38,7.15,"Very Low",0
25009204400,3546,65497,3.79,3.79,"Low",0.25
25009204500,3177,76769,0.9,2.31,"Low",0.25
25009204600,5045,80757,10.21,8.01,"Low",0.25
25009204701,6267,59904,15.56,12.15,"Low",0.25
25009204702,5614,63384,10.64,4.55,"Low",0.25
25009205100,4893,84694,2.34,3.26,"Low",0.25
25009205200,5999,69853,2.16,5.74,"Very Low",0
25009205300,4206,88300,2.8,4.49,"Low",0.25
25009205400,4703,106014,0,5.01,"Low",0.25
25009205500,4948,51307,21.2,12.33,"Very Low",0
25009205600,4087,42237,25.07,8.7,"Very Low",0
25009205700,4888,88015,10.88,2.29,"Very Low",0
25009205800,3632,58299,18.89,9.23,"Very Low",0
25009205900,4387,71563,18.73,10.32,"Very Low",0
25009206000,3453,40755,18.81,8.78,"Very Low",0
25009206100,4110,27929,34.76,7.23,"Very Low",0
25009206200,5280,36199,27.89,13.43,"Very Low",0
25009206300,4186,60169,13.27,7.39,"Very Low",0
25009206400,5457,55188,12.88,11.11,"Very Low",0
25009206500,3146,36031,23.43,10.1,"Very Low",0
25009206600,4097,38197,19.22,8.26,"Very Low",0
25009206700,4472,34185,32.19,9.44,"Very Low",0
25009206800,3637,20778,33.19,6.62,"Very Low",0
25009206900,3819,26733,14.12,10.24,"Very Low",0
25009207000,2359,22460,42.75,4.88,"Very Low",0
25009207100,3502,44514,12.16,9.52,"Very Low",0
25009207200,2813,32654,19.75,6.43,"Very Low",0
25009208101,4944,76821,3.01,4.25,"Low",0.25
25009208102,3570,72647,12.09,8.8,"Low",0.25
25009208200,5601,76223,7.78,3.14,"Low",0.25
25009208300,7502,74975,9.11,15.05,"Moderate",0.5
25009208400,6156,101488,1.95,5.76,"High",0.75
25009209100,6676,103346,1.6,6.2,"Very High",1
25009209200,5813,143750,0.61,7.52,"High",0.75
25009210100,6519,99023,1.89,4.1,"Moderate",0.5
25009210200,5296,100147,4.6,1.26,"High",0.75
25009210300,8772,53101,3.44,5.01,"Moderate",0.5
25009210400,7067,69143,4.51,9.02,"Moderate",0.5
25009210500,6295,80040,3.71,5.29,"Moderate",0.5
25009210600,5026,58977,6.67,10.61,"Moderate",0.5
25009210700,4253,47662,11.61,6.04,"Low",0.25
25009210800,4826,36860,17.97,1.76,"Low",0.25
25009210900,4181,64828,5.08,5.92,"Low",0.25
25009211100,4152,75156,4.98,4.09,"Moderate",0.5
25009211200,5868,62958,2.04,2.98,"Moderate",0.5
25009211300,7139,87923,3.33,8.71,"Moderate",0.5
25009211401,4240,76616,7.16,9.05,"High",0.75
25009211402,6159,98264,0,4.08,"High",0.75
25009212100,9514,106326,3.72,5.6,"Moderate",0.5
25009213100,8198,153578,2.05,6.01,"High",0.75
25009214100,6434,128283,0,4.39,"Very High",1
25009215101,5014,136279,8,5.18,"Very High",1
25009215102,3122,85952,5.07,3.03,"Very High",1
25009216100,5135,99375,1.6,3.94,"Very High",1
25009217100,7588,93079,0.56,7.19,"Moderate",0.5
25009217201,4256,68191,3.44,5.94,"Moderate",0.5
25009217202,3415,88693,0.87,4.7,"Moderate",0.5
25009217300,4782,53484,12.17,9.9,"Moderate",0.5
25009217400,5902,58944,6.74,3.29,"Low",0.25
25009217500,6490,78867,5.74,3.2,"Moderate",0.5
25009217600,8534,93875,2.23,6.46,"High",0.75
25009218100,5321,92604,5.47,8.51,"Very High",1
25009220101,4172,67798,2.35,5.09,"Moderate",0.5
25009220102,2995,69813,2.38,5.17,"High",0.75
25009221100,4568,82209,2.76,6.63,"Low",0.25
25009221300,4466,89435,2.19,3.64,"Moderate",0.5
25009221400,3373,50222,2.94,4.64,"Low",0.25
25009221500,2881,36845,7.6,9.22,"Low",0.25
25009221600,2761,50058,11.83,8.05,"Very Low",0
25009221700,2465,49575,9.87,5.42,"Low",0.25
25009221800,1827,73095,5.89,5.55,"Low",0.25
25009221901,3386,90156,3.38,8.59,"Low",0.25
25009221902,3819,80990,4.38,7.75,"Low",0.25
25009222100,3632,103750,4.18,4.07,"Moderate",0.5
25009223100,4503,70250,6.41,7.61,"High",0.75
25009223200,3653,57326,11.4,6.52,"High",0.75
25009223300,5526,101103,0.25,4.82,"High",0.75
25009250100,2930,20800,23.08,10.61,"Very Low",0
25009250200,5484,40902,22.81,16.82,"Very Low",0
25009250300,2205,38063,34.91,17.36,"Very Low",0
25009250400,3915,22865,45.61,9.94,"Very Low",0
25009250500,4092,40764,21.5,15.56,"Very Low",0
25009250600,5578,48173,23.16,15.62,"Very Low",0
25009250700,5106,36325,21.65,16.99,"Very Low",0
25009250800,7376,47314,20.78,11.87,"Very Low",0
25009250900,2211,21774,35.8,22.14,"Very Low",0
25009251000,1658,35750,15.76,12.89,"Very Low",0
25009251100,2819,16332,41.02,12.03,"Very Low",0
25009251200,1544,17423,30.82,10.23,"Very Low",0
25009251300,3306,29259,27.18,15.57,"Very Low",0
25009251400,5150,38015,20.43,13.76,"Very Low",0
25009251500,5876,33639,27.66,14.33,"Very Low",0
25009251600,6536,39281,25.05,13.37,"Very Low",0
25009251700,5734,47527,14.76,12.59,"Very Low",0
25009251800,7817,53387,15.36,9.74,"Very Low",0
25009252101,3810,69257,5.72,7.75,"Very Low",0
25009252102,4075,107426,6.41,6.38,"Low",0.25
25009252201,3229,71875,8.3,8.28,"Low",0.25
25009252202,3166,96466,1.02,9.18,"Low",0.25
25009252300,6975,49563,11.86,7.94,"Low",0.25
25009252400,4531,44359,26.28,9.99,"Very Low",0
25009252501,3958,69107,6.42,9.19,"Low",0.25
25009252502,4608,70202,4.61,6.94,"Moderate",0.5
25009252601,7350,77807,5.68,7.05,"Low",0.25
25009252602,4423,110039,2.63,5.84,"Moderate",0.5
25009252603,2918,81463,1.39,4.57,"Moderate",0.5
25009253100,5189,75804,6.25,10.3,"High",0.75
25009253201,2969,71729,5.42,4.7,"High",0.75
25009253202,6905,86394,4,8.04,"High",0.75
25009253203,4504,145607,0,2.42,"Very High",1
25009253204,5825,150887,2.7,2.72,"High",0.75
25009253205,4313,154844,1.78,3.59,"Moderate",0.5
25009254100,6257,102384,2.11,5.6,"Low",0.25
25009254200,5355,92279,6.51,2.83,"Very High",1
25009254301,4211,159917,0,2.95,"High",0.75
25009254302,4549,161875,0.78,3.72,"Very High",1
25009254401,3426,133750,3.98,5.74,"High",0.75
25009254402,7204,154922,1.57,4.59,"Very Low",0
25009254403,3961,154191,4.39,6.39,"High",0.75
25009260100,5899,36508,17.16,13.84,"Very Low",0
25009260200,3414,38979,35.1,6.22,"Very Low",0
25009260301,4348,72132,11.47,7.16,"Low",0.25
25009260302,2796,96643,0.88,3.89,"Moderate",0.5
25009260401,3772,69318,2.41,8.97,"Low",0.25
25009260402,6491,1e+05,2.76,2.22,"Moderate",0.5
25009260500,3819,83587,4.12,8.95,"Low",0.25
25009260600,3413,49625,17.44,11.39,"Very Low",0
25009260700,4790,56167,12.43,12.88,"Low",0.25
25009260800,5103,41422,20.28,9.21,"Very Low",0
25009260900,5342,62870,13.37,6.2,"Very Low",0
25009261000,3917,64005,5.18,8.39,"Low",0.25
25009261101,4665,98942,2.34,3.43,"Low",0.25
25009261102,4571,66563,9.23,4.93,"Low",0.25
25009262100,6695,77481,4.47,8.68,"High",0.75
25009263100,4484,138947,4.04,3.09,"Moderate",0.5
25009264100,6681,96512,1.48,3.71,"Moderate",0.5
25009265101,3801,100227,0,6.22,"High",0.75
25009265102,4713,114539,2.12,3.2,"High",0.75
25009266100,4062,93839,1.97,3.88,"Moderate",0.5
25009266200,5441,73462,5.04,4.59,"Moderate",0.5
25009266300,3901,68768,1.77,8.32,"Low",0.25
25009266400,3678,72561,1.49,4.87,"Moderate",0.5
25009267101,3735,66597,10.22,6.78,"Very Low",0
25009267102,5147,64338,3.35,7.06,"Low",0.25
25009268100,2700,131667,0,1.93,"High",0.75
25009268200,6354,88519,6.26,6.87,"Moderate",0.5
25009268300,4091,65227,5.58,6.31,"Moderate",0.5
25009268400,4692,90185,4.94,7.92,"Moderate",0.5
25009269100,6905,92454,3.33,3.45,"Moderate",0.5
25009270100,6145,85496,1.89,5.1,"High",0.75
25009990100,0,NA,NA,NA,"Low",0.25
25011040100,4583,53160,6.94,7.28,"Low",0.25
25011040200,4507,66950,4.08,3.84,"Moderate",0.5
25011040300,3006,63963,1.39,7.25,"Moderate",0.5
25011040400,3426,55489,8.22,5.49,"Low",0.25
25011040501,4246,36902,12.6,11.34,"Very Low",0
25011040502,3463,37308,3.16,10.47,"Low",0.25
25011040600,4786,80690,3.39,5.43,"Very High",1
25011040701,4029,40526,19.53,11.5,"Low",0.25
25011040702,4296,60313,8.48,6.17,"Low",0.25
25011040800,5029,59583,3.92,3.37,"Very High",1
25011040900,5054,80000,2.28,3.28,"Very High",1
25011041000,3341,67172,13.63,2.31,"Moderate",0.5
25011041100,3697,65658,2.45,2.73,"High",0.75
25011041200,3105,55417,3.56,3.36,"Low",0.25
25011041300,4479,34622,2.66,7.23,"Moderate",0.5
25011041400,2855,33967,26.54,15.32,"Moderate",0.5
25011041501,3392,80347,1.5,3.75,"Very High",1
25011041502,3622,52829,6.64,7.08,"Moderate",0.5
25013800101,3902,45505,21.97,10.62,"Very Low",0
25013800102,4881,31406,30.77,14.81,"Very Low",0
25013800201,6919,39107,24.88,12.99,"Very Low",0
25013800202,1226,35592,23.08,6.19,"Very Low",0
25013800300,4258,41080,15.34,9.59,"Low",0.25
25013800400,6008,35604,26.36,10.62,"Low",0.25
25013800500,3381,40159,23.54,14.78,"Moderate",0.5
25013800600,2951,16107,61.07,29.1,"Very Low",0
25013800700,4198,17352,39.7,21.36,"Very Low",0
25013800800,2225,13469,53.28,30.97,"Low",0.25
25013800900,4003,16215,39.8,21.65,"Low",0.25
25013801101,1963,12628,65.96,22.43,"Moderate",0.5
25013801102,1216,31958,18.29,12.87,"Very Low",0
25013801200,2317,12907,63.84,14.59,"Low",0.25
25013801300,5161,29010,35.53,12.39,"Very Low",0
25013801401,3623,23021,41.29,15,"Very Low",0
25013801402,1974,55445,12.79,9.29,"Very Low",0
25013801501,5598,50765,2.94,13.67,"Very Low",0
25013801502,3157,32446,15.64,12.59,"Very Low",0
25013801503,4094,38087,20.8,9.06,"Very Low",0
25013801601,4584,45951,10.48,9.14,"High",0.75
25013801602,4587,50953,15.58,10.56,"Low",0.25
25013801603,4138,53125,8.09,8.11,"Moderate",0.5
25013801604,3843,71172,4.1,8.47,"High",0.75
25013801605,4681,50018,25.43,9.44,"High",0.75
25013801700,7728,31712,26.09,11.49,"Very Low",0
25013801800,4011,26507,44.38,23.3,"Very Low",0
25013801901,3811,22038,37.22,13.94,"Very Low",0
25013801902,3365,14176,64.69,21.64,"Low",0.25
25013802000,3110,19366,48.54,18.3,"Very Low",0
25013802100,5915,39764,23.49,7.15,"Low",0.25
25013802200,3529,29231,41.06,18.03,"Very Low",0
25013802300,7886,28699,39.11,18.52,"Very Low",0
25013802400,3978,69946,8.95,6.91,"Moderate",0.5
25013802500,6456,64643,7.82,5.43,"Moderate",0.5
25013802601,7418,46972,14.21,7.43,"Very Low",0
25013802602,1896,61200,3.42,5.96,"Low",0.25
25013810100,6213,55727,4.19,8.64,"Low",0.25
25013810200,2637,45938,11.49,3.59,"Very Low",0
25013810300,3295,56500,23.08,12.42,"Low",0.25
25013810403,4215,45888,13.76,8.18,"Moderate",0.5
25013810404,3860,65946,3.56,7.69,"High",0.75
25013810412,6048,66653,1.72,4.97,"Moderate",0.5
25013810414,7229,81667,0.59,5.85,"High",0.75
25013810601,4012,47017,13.9,8.14,"Moderate",0.5
25013810602,2475,79559,2.52,7.66,"Low",0.25
25013810700,6856,59224,7.35,8.89,"Moderate",0.5
25013810800,3913,41955,14.97,12.79,"Very High",1
25013810901,1805,26518,35.44,16.43,"Low",0.25
25013810902,4251,51827,12.9,8.46,"High",0.75
25013811000,4561,45239,2.46,7.9,"Moderate",0.5
25013811101,5052,42551,18.16,12.73,"Very Low",0
25013811102,5889,32538,24.07,9.25,"Low",0.25
25013811200,5565,65946,6.6,5.36,"Moderate",0.5
25013811301,6019,56835,10.64,4.87,"Moderate",0.5
25013811302,5702,57697,3.73,5.93,"Moderate",0.5
25013811400,2674,18060,47.38,21.71,"Very Low",0
25013811500,2328,14408,63.15,32.4,"Very Low",0
25013811600,3627,14068,56,20.77,"Very Low",0
25013811700,2144,17719,34.36,13.06,"Very Low",0
25013811800,4439,34618,36.64,18.39,"Very Low",0
25013811900,3685,73971,1.29,6.26,"Low",0.25
25013812001,2871,29886,31.26,14.01,"Low",0.25
25013812002,4506,49321,23.25,8.62,"Low",0.25
25013812101,5478,82759,1.54,1.26,"Low",0.25
25013812103,3905,48164,15.72,4.69,"Very Low",0
25013812104,4623,52163,16.85,7.94,"Low",0.25
25013812201,5079,48750,10.13,13.19,"High",0.75
25013812202,3809,40193,16.75,9.41,"Very High",1
25013812300,5749,30848,24.11,11.09,"Moderate",0.5
25013812401,6312,85691,1.56,2.74,"High",0.75
25013812403,3763,48750,4.45,8.83,"High",0.75
25013812404,3863,76821,5.58,6.78,"Very High",1
25013812500,7456,64331,8.67,7.04,"Moderate",0.5
25013812600,6486,80208,1.56,8.93,"Moderate",0.5
25013812701,3999,44263,9.98,5.84,"Low",0.25
25013812702,5944,36000,6.84,9.84,"Low",0.25
25013812800,6650,68125,3.83,9.16,"Moderate",0.5
25013812901,3566,66433,4.08,9.05,"Moderate",0.5
25013812902,4582,75000,6.41,7.22,"Moderate",0.5
25013812903,2803,NA,14.29,3.98,"Very High",1
25013813000,7337,73594,3.92,6.22,"Very Low",0
25013813101,5950,74000,7.65,4.21,"High",0.75
25013813102,3700,81934,1.25,4.64,"High",0.75
25013813204,3236,96510,2.55,3.06,"Very High",1
25013813205,7219,66524,6.22,2.94,"High",0.75
25013813206,4134,57093,3.76,3.61,"Very High",1
25013813207,4751,46592,13.37,6.35,"High",0.75
25013813208,2959,74412,6.79,3.54,"Very High",1
25013813209,6402,54941,7.57,7.82,"Very High",1
25013813301,7498,97153,1.79,4.72,"Very High",1
25013813303,4397,122976,4.23,5.96,"Very High",1
25013813304,3942,124844,3.76,4.78,"Very High",1
25013813401,5404,73494,5.92,8.45,"Very High",1
25013813403,3897,71389,3.61,4.9,"Very High",1
25013813404,6762,97083,0.91,3.51,"Very High",1
25013813500,5190,80375,3.2,6.72,"Very High",1
25013813601,8125,82966,1.78,4.92,"Very High",1
25013813602,6391,111607,1.48,2.5,"High",0.75
25013813701,3515,66667,2.31,9.57,"Moderate",0.5
25013813702,5226,76857,3.84,5.26,"High",0.75
25013813801,4390,62750,2.85,8.16,"Low",0.25
25013813802,3718,83273,3.02,5.85,"High",0.75
25015820101,6513,59706,7.93,8.49,"Low",0.25
25015820102,3390,38728,13.88,8.5,"Very Low",0
25015820202,1300,91518,2.65,6.09,"High",0.75
25015820203,8244,72886,6.26,6.02,"High",0.75
25015820204,6644,95200,4.25,6.68,"Moderate",0.5
25015820300,6829,39144,8.86,5.16,"Very High",1
25015820400,13101,NA,0,19.18,"High",0.75
25015820500,6342,32679,4.9,3.93,"Very High",1
25015820600,1833,103021,0,7.96,"Moderate",0.5
25015820700,4970,79821,14,7.95,"High",0.75
25015820801,5467,61875,11.68,11.4,"High",0.75
25015820802,1182,NA,NA,15.48,"High",0.75
25015820900,6327,86692,2.16,4.18,"High",0.75
25015821000,4157,69033,2.16,7.82,"Very High",1
25015821100,7048,51073,6.13,6.78,"Very High",1
25015821200,2344,123125,0,9.15,"Very High",1
25015821300,4204,79773,3.34,1.78,"Moderate",0.5
25015821400,5338,62634,3.91,1.01,"Very High",1
25015821500,3298,64427,1.77,2.4,"Moderate",0.5
25015821601,3446,52981,13.82,5.7,"High",0.75
25015821602,3941,53125,14.12,4.97,"High",0.75
25015821700,3635,69504,7.61,10.36,"High",0.75
25015821901,3608,78214,1.38,4.6,"Very High",1
25015821903,3237,33147,6.98,11.6,"Very High",1
25015821904,2542,61835,4.89,1.9,"Very High",1
25015822000,2257,63125,35.14,8.4,"High",0.75
25015822200,5868,92159,7.85,6.67,"Very High",1
25015822300,4942,46932,1.38,6.93,"High",0.75
25015822401,5705,82857,2.95,2.44,"Very High",1
25015822402,5395,55417,13.75,12.63,"High",0.75
25015822500,6081,90318,2.71,5.64,"Very High",1
25015822601,1962,68958,6.34,2.33,"Low",0.25
25015822603,1830,82788,1.87,6.62,"High",0.75
25015822605,1243,66500,3.66,9.21,"Low",0.25
25015822606,3618,72778,5.28,5.61,"Moderate",0.5
25015822700,3194,64226,3.48,3.18,"Moderate",0.5
25017300100,3196,89934,4.31,5.64,"Moderate",0.5
25017301101,4092,72303,3.84,3.47,"High",0.75
25017301102,5277,98750,1.55,4.95,"Moderate",0.5
25017310100,5962,31550,19.64,14.39,"Very Low",0
25017310200,6735,55035,6.73,5.76,"Very Low",0
25017310300,6353,36861,31.33,10.35,"Very Low",0
25017310400,3306,28567,28.12,12.21,"Very Low",0
25017310500,3465,51101,4.76,3.74,"Very Low",0
25017310601,6411,67404,6.39,10.16,"Very Low",0
25017310602,5345,51989,15.7,10.43,"Low",0.25
25017310700,4749,34712,13.58,7.7,"Very Low",0
25017311100,2498,45694,19.86,12.25,"Very Low",0
25017311200,3411,39486,18.35,13.13,"Very Low",0
25017311300,3853,49000,10.88,7.99,"Very Low",0
25017311400,5700,43750,15.48,9.44,"Very Low",0
25017311500,3131,64583,23.76,9.29,"Very Low",0
25017311600,5642,64122,10.91,7.95,"Very Low",0
25017311700,4954,53281,21.94,12.15,"Very Low",0
25017311800,3335,36702,20.3,13.44,"Very Low",0
25017311900,2525,24654,36.01,14.25,"Very Low",0
25017312000,3060,42800,22.09,12.74,"Very Low",0
25017312100,3038,43607,28.1,9.98,"Very Low",0
25017312200,4143,63200,12.32,5.54,"Very Low",0
25017312300,4814,66537,0,7.39,"Very Low",0
25017312400,2592,30739,27.96,16.3,"Very Low",0
25017312501,4384,67361,15.32,6.41,"Very Low",0
25017312502,4090,66964,0.82,6.98,"Low",0.25
25017313101,6227,110117,9.99,5.81,"Low",0.25
25017313102,5906,98294,4.07,4.37,"Low",0.25
25017314101,6643,97457,3.53,1.86,"Low",0.25
25017314102,7611,71479,1.12,6.91,"Low",0.25
25017314200,5422,71423,5.81,4.58,"Moderate",0.5
25017314301,8205,93382,2.72,4.98,"Moderate",0.5
25017314302,3059,125938,3.21,6.09,"High",0.75
25017315100,6062,101649,5.6,4.45,"Moderate",0.5
25017315200,7867,91667,2.4,5.3,"Moderate",0.5
25017315401,3869,65139,1.36,3.67,"Moderate",0.5
25017315402,3063,112991,3.31,2.53,"Moderate",0.5
25017315403,1779,102218,2.92,9.14,"Moderate",0.5
25017315500,7738,85239,5.39,6.11,"Moderate",0.5
25017316101,4974,100972,1.15,5.4,"Moderate",0.5
25017316102,6758,107383,0.45,6.76,"Moderate",0.5
25017316201,4212,105365,3.91,5.44,"Moderate",0.5
25017316202,4607,103472,1.72,5.78,"Low",0.25
25017316300,8500,85958,5.61,6.32,"Moderate",0.5
25017316400,6999,101713,2.13,3.56,"Low",0.25
25017316500,6178,95288,3.06,6.43,"Low",0.25
25017317101,6197,98694,1.18,3.54,"Moderate",0.5
25017317102,4661,104483,0.91,5.34,"High",0.75
25017317103,5065,127798,2.28,3.68,"High",0.75
25017317201,2771,128571,2.18,4.92,"High",0.75
25017317202,3565,129350,1.32,4.42,"Very High",1
25017317203,4195,96972,1.47,4.15,"High",0.75
25017317301,2735,75591,1.39,7.49,"Very High",1
25017317302,5717,80278,2.11,5.29,"Moderate",0.5
25017318100,7150,120417,2.26,5.92,"High",0.75
25017318200,4515,115670,4.92,1.87,"High",0.75
25017318300,8109,151549,0.58,3.15,"Very High",1
25017318400,4076,148529,1.98,4.69,"Very High",1
25017320102,5449,140230,2.43,6.07,"Very High",1
25017320103,2910,153750,1.27,6.99,"Very High",1
25017320104,7898,146875,0.63,3.86,"Very High",1
25017321100,6854,82000,3.24,6.18,"Moderate",0.5
25017321200,6339,64896,3.16,2.73,"Low",0.25
25017321300,8084,60558,10.14,2.64,"Low",0.25
25017321400,2903,94293,1.46,8,"Moderate",0.5
25017321500,7483,75472,5.89,5.08,"Low",0.25
25017321600,7882,84038,6.98,5.04,"Moderate",0.5
25017322100,4642,110086,1.83,4.7,"Moderate",0.5
25017322200,3817,77131,2.53,3.4,"High",0.75
25017322300,6203,63571,8.5,2.94,"Low",0.25
25017322400,5018,80272,8.16,4.86,"Low",0.25
25017323100,7027,146799,2.78,4.16,"Very High",1
25017324101,4936,102778,0,5.37,"High",0.75
25017324102,4602,113000,2.44,5.83,"High",0.75
25017325100,7929,77112,12.15,5.75,"Very Low",0
25017326101,4242,128981,4.32,4.35,"Very High",1
25017326102,6940,115227,1.99,5.79,"Very High",1
25017327101,3973,106750,1.61,3.35,"Moderate",0.5
25017327102,4297,77829,7.52,8.71,"Low",0.25
25017327103,3761,86389,2.3,4.95,"High",0.75
25017328100,3310,118984,0.67,3.92,"High",0.75
25017330100,8730,146650,1.59,2.58,"High",0.75
25017330200,6746,99792,0.74,5.07,"Moderate",0.5
25017331101,3347,100508,0.69,3.01,"High",0.75
25017331102,7277,99456,1.99,7.88,"Low",0.25
25017331200,5436,98077,4.49,8.09,"Moderate",0.5
25017331300,7250,116146,1.02,6.65,"Low",0.25
25017332100,6407,111326,0,3.82,"High",0.75
25017332200,8515,91000,6.32,6.81,"Moderate",0.5
25017332300,6948,78750,3.31,3.14,"High",0.75
25017332400,3828,93816,10.63,7.62,"High",0.75
25017333100,7829,91065,1.29,5.43,"Very High",1
25017333200,4769,72656,7.53,8.62,"High",0.75
25017333300,3896,74632,4.81,7.71,"Low",0.25
25017333400,6014,88367,8.58,2.2,"Moderate",0.5
25017333501,5268,102750,2.01,1.35,"High",0.75
25017333502,3548,69432,3.3,8.6,"Moderate",0.5
25017333600,7896,90123,8.45,6.38,"Moderate",0.5
25017334100,7251,115463,3.22,3.03,"High",0.75
25017334200,3966,108750,0,4.55,"High",0.75
25017334300,7640,128911,0,2.78,"High",0.75
25017334400,6633,84385,3.15,5.39,"Very High",1
25017335100,5655,89868,0,4.26,"High",0.75
25017335200,6334,100588,0,2.54,"High",0.75
25017335301,4242,78429,6.76,4,"Moderate",0.5
25017335302,5101,87292,1.58,3.59,"High",0.75
25017335400,5067,95078,1.25,6.27,"High",0.75
25017336100,5567,73633,1.02,3.75,"Very High",1
25017336200,6091,117303,4.87,1.79,"Very High",1
25017336300,6437,104505,0,3.74,"Very High",1
25017336401,4597,61839,6.53,6.88,"Very High",1
25017336402,5095,81250,0,5.6,"High",0.75
25017337101,3136,77727,4,3.04,"High",0.75
25017337102,5017,99875,2.92,4.17,"High",0.75
25017337201,3091,61875,5.68,1.84,"High",0.75
25017337202,4874,76615,0,4.45,"High",0.75
25017337300,5713,89003,3.14,8.67,"High",0.75
25017338100,3213,160586,0,3.86,"Very High",1
25017338200,4133,103333,2.55,3.79,"High",0.75
25017338300,3294,128897,0.82,7.21,"Very High",1
25017338400,5931,177935,0.66,2.54,"Very High",1
25017338500,5920,197125,3.3,3.06,"Very High",1
25017339100,6280,55593,5.75,5,"High",0.75
25017339200,5779,120766,1.99,5.22,"High",0.75
25017339300,2872,81375,3.87,3.61,"High",0.75
25017339400,3333,68670,2.4,2.98,"Low",0.25
25017339500,5849,81964,5.41,2.93,"High",0.75
25017339600,5382,79915,7.31,4.14,"Moderate",0.5
25017339700,4413,57708,10.89,4.87,"Low",0.25
25017339801,4947,86031,2.88,4.39,"Moderate",0.5
25017339802,4419,69375,20.56,7.69,"Low",0.25
25017339900,4742,65804,2.48,5.09,"Moderate",0.5
25017340000,2539,64879,11.57,6.48,"Low",0.25
25017340100,6625,98569,2.72,11.55,"Moderate",0.5
25017341101,3977,76816,12.66,5.59,"Moderate",0.5
25017341102,4019,49627,3.02,6.21,"Low",0.25
25017341200,7725,62226,11.27,9.74,"Very Low",0
25017341300,5145,37813,21.45,7.87,"Low",0.25
25017341400,6902,62930,6.65,4.67,"Low",0.25
25017341500,5476,58770,15.06,10.71,"Very Low",0
25017341600,6403,66150,13.66,9.6,"Moderate",0.5
25017341700,5205,64136,9.44,5.68,"Low",0.25
25017341800,5915,35672,23.87,5.13,"Very Low",0
25017341901,1482,63988,1.92,4.25,"Low",0.25
25017341902,8483,75533,7.95,8.96,"Low",0.25
25017342101,4601,44087,18.77,7.76,"Very Low",0
25017342102,3699,35372,12.07,6.37,"Low",0.25
25017342201,4661,53902,14.93,8.7,"Low",0.25
25017342202,4109,64861,9.89,3.04,"Low",0.25
25017342300,7414,66498,13.78,6.3,"Very Low",0
25017342400,7025,46471,16.48,7.24,"Low",0.25
25017342500,7979,46664,7.51,7.94,"Very Low",0
25017342600,5148,57733,17.75,9.07,"Very Low",0
25017350103,1392,100336,4.81,6.37,"Moderate",0.5
25017350104,7484,51890,19.12,5.24,"Low",0.25
25017350200,6601,80694,8.07,9.17,"Moderate",0.5
25017350300,2635,71953,4.47,4.25,"Low",0.25
25017350400,5631,91071,5.19,4.57,"High",0.75
25017350500,1510,97344,0,7.78,"High",0.75
25017350600,4264,109318,2.23,2.38,"Moderate",0.5
25017350700,6424,73704,15.5,7.78,"Moderate",0.5
25017350800,2027,115893,4.89,1.22,"High",0.75
25017350900,3727,115250,0,1.34,"Very High",1
25017351000,7692,93906,10.72,4.83,"High",0.75
25017351100,6059,96952,5.45,1.59,"High",0.75
25017351203,4751,81952,11.08,3.62,"Very High",1
25017351204,4375,69541,9.38,6.58,"Very High",1
25017351300,4248,70202,8.87,6.52,"Moderate",0.5
25017351403,4304,60774,8.7,2.22,"Moderate",0.5
25017351404,3994,54835,2.5,12.19,"Low",0.25
25017351500,2389,60357,13.31,2.79,"High",0.75
25017352101,1726,84659,21.39,1.15,"High",0.75
25017352102,2376,112784,3.29,6.11,"Very High",1
25017352200,1691,31845,1.83,3.83,"High",0.75
25017352300,3911,93369,12.05,7.66,"Very High",1
25017352400,2087,39698,19.67,6.72,"Very High",1
25017352500,2760,87829,10.44,6.98,"Very High",1
25017352600,2597,62100,10.37,9.27,"Very High",1
25017352700,2184,52112,8.92,16.09,"Very High",1
25017352800,2078,88173,6.48,2.59,"High",0.75
25017352900,2909,98071,6.02,3.93,"Very High",1
25017353000,3482,59821,9.26,2.98,"High",0.75
25017353101,2598,90144,18.96,4.05,"Very High",1
25017353102,4801,100476,0,7.8,"Very High",1
25017353200,5040,83472,10.09,4.81,"Very High",1
25017353300,3619,96544,3.67,2.93,"Very High",1
25017353400,2943,79167,4.94,3.32,"Very High",1
25017353500,2671,81063,5.16,4.52,"High",0.75
25017353600,4827,95750,2.4,6,"Very High",1
25017353700,5754,70150,8.55,5.7,"Very High",1
25017353800,4652,77484,8.07,6.35,"Very High",1
25017353900,6287,54239,16.43,5.19,"Very High",1
25017354000,4153,69279,6.15,2.93,"Very High",1
25017354100,2791,113973,0,3.47,"Very High",1
25017354200,3408,150976,3.06,5.23,"Very High",1
25017354300,3282,68929,5.03,3.25,"High",0.75
25017354400,1775,135714,1.05,2.09,"Very High",1
25017354500,2224,75066,5.1,4.57,"Very High",1
25017354600,5461,79706,9.03,9.62,"Moderate",0.5
25017354700,2750,101027,1.77,4.61,"Very High",1
25017354800,2154,116898,1.42,2.49,"Very High",1
25017354900,6553,54507,19.43,6.52,"Moderate",0.5
25017355000,3213,95037,5.96,3.95,"High",0.75
25017356100,3026,125091,1.59,4.06,"Very High",1
25017356300,5125,87622,0.32,5.12,"Very High",1
25017356400,7399,120163,1.88,3.47,"Very High",1
25017356500,6793,98750,3.89,3.03,"Very High",1
25017356601,4297,87273,5.5,3.43,"High",0.75
25017356602,4330,126083,1.98,1.12,"Very High",1
25017356701,6500,85514,4.15,5.18,"Very High",1
25017356702,6938,94938,3.25,6.67,"Very High",1
25017357100,4386,99583,3.01,5.01,"Very High",1
25017357200,3291,159375,2.79,4.78,"Very High",1
25017357300,3097,120167,4.71,2.52,"Very High",1
25017357400,2373,136250,2.29,4.69,"Very High",1
25017357500,2111,105625,3.14,3.65,"Very High",1
25017357600,2613,72656,1.15,5.6,"Very High",1
25017357700,3708,72169,6.65,4.12,"Very High",1
25017357800,3976,155667,5.33,2.64,"Very High",1
25017358100,5390,156618,0.61,2.59,"Very High",1
25017358300,5855,155118,3.64,7.4,"Very High",1
25017358400,5104,121992,4.17,4.19,"Very High",1
25017358500,5162,165625,2.68,6.74,"Very High",1
25017358600,6246,152768,3.39,7.09,"Very High",1
25017358700,5179,158750,1.51,4.38,"Very High",1
25017359100,6731,111129,1.71,3.99,"Very High",1
25017359300,7357,123399,1.9,5.84,"High",0.75
25017360100,1873,84583,3.72,8.77,"High",0.75
25017360200,4778,143750,3.38,2.16,"Very High",1
25017361100,5853,134597,2.85,3.1,"Very High",1
25017361200,7487,124297,4.61,4.93,"Very High",1
25017361300,6092,167778,2.33,1.29,"Very High",1
25017362100,5125,167400,1.43,4.32,"High",0.75
25017363102,6044,99741,3.55,4.52,"High",0.75
25017363103,3627,126618,0,7.57,"High",0.75
25017363104,6472,155239,0,3.35,"Very High",1
25017363201,3348,151500,1.91,5.96,"High",0.75
25017363202,3718,137250,0.85,2.36,"Very High",1
25017364101,5407,94625,7.39,2.8,"Moderate",0.5
25017364102,5119,82375,9.35,5.92,"High",0.75
25017365100,7867,174634,0,2.72,"Very High",1
25017365201,5971,163030,3.17,5.38,"Very High",1
25017365202,4756,140625,1.31,4.45,"Very High",1
25017366100,4843,121771,4.08,3.69,"Very High",1
25017366201,3514,215250,0.93,0,"Very High",1
25017366202,5187,170613,1.91,2.25,"Very High",1
25017367100,3954,186289,3.6,4.79,"Very High",1
25017367200,7992,193580,5.49,4.17,"Very High",1
25017368101,6091,109583,6.67,7.32,"High",0.75
25017368102,3796,104393,1.5,6.64,"High",0.75
25017368200,4436,99611,3.23,5.66,"High",0.75
25017368300,5226,62012,3.63,2.12,"Low",0.25
25017368400,8755,81199,1.27,6.36,"Moderate",0.5
25017368500,3246,55694,7.37,4.83,"Low",0.25
25017368600,5432,78944,8.86,5.16,"Low",0.25
25017368700,2383,63603,14.82,4.68,"Low",0.25
25017368800,4790,68938,4.64,6.5,"Moderate",0.5
25017368901,7176,79620,10.79,4.92,"High",0.75
25017368902,4444,68871,6.7,2.93,"Moderate",0.5
25017369000,1629,95592,3.77,4.43,"High",0.75
25017369100,5295,101991,2.48,5.12,"Very High",1
25017370101,7641,91942,11.81,9.52,"High",0.75
25017370102,7472,90265,10.09,4.37,"Very High",1
25017370201,3663,107546,6.1,2.39,"High",0.75
25017370202,4491,99783,0.81,4.74,"High",0.75
25017370300,5331,77069,2.88,6.71,"High",0.75
25017370400,5251,91383,1.23,4.11,"Very High",1
25017373100,4942,83409,1.85,3.34,"Very High",1
25017373200,4700,79045,3.41,5.13,"Very High",1
25017373300,3155,106250,7.3,3.79,"Very High",1
25017373400,3542,128790,5.18,1.98,"Very High",1
25017373500,6367,188333,1.24,4.85,"Very High",1
25017373600,6196,167232,4.01,3.37,"Very High",1
25017373700,3555,197898,0,4.13,"Very High",1
25017373800,5868,117569,6.02,6.04,"Very High",1
25017373900,6492,171313,2.68,4.49,"Very High",1
25017374000,5410,124263,5.03,5.29,"Very High",1
25017374100,4751,99839,3.71,4.73,"High",0.75
25017374200,4437,164612,0.69,4.07,"Very High",1
25017374300,3656,184196,0.37,4.42,"Very High",1
25017374400,5880,159417,2.18,4.28,"Very High",1
25017374500,4641,123462,1,4.37,"Very High",1
25017374600,5056,114786,2.42,6.23,"Very High",1
25017374700,4929,114563,2.28,3.47,"Very High",1
25017374800,4740,124280,0.79,4.37,"Very High",1
25017382100,5057,120270,0,4.12,"Very High",1
25017382200,5503,107543,1.37,3.46,"Very High",1
25017382300,5877,127222,1.23,1.76,"Very High",1
25017382400,4812,95331,1.67,2.61,"High",0.75
25017382500,4869,103911,1.87,5.01,"Very High",1
25017382601,4661,77541,2.4,4.21,"High",0.75
25017382602,4606,113672,0,5.47,"Very High",1
25017383101,3269,28472,25.97,5.27,"Low",0.25
25017383102,5645,35724,25.09,12.01,"Very Low",0
25017383200,6063,61694,13.24,6.94,"Low",0.25
25017383300,3086,50625,3.52,3.4,"Low",0.25
25017383400,6131,56186,11.11,3.73,"Moderate",0.5
25017383501,4931,41579,15.72,5.83,"Low",0.25
25017383502,3837,75380,0,4.24,"High",0.75
25017383600,5974,72205,8.81,2.6,"High",0.75
25017383700,5285,87600,0,2.91,"Moderate",0.5
25017383800,5521,108750,1.96,6.12,"Moderate",0.5
25017383901,8079,99707,2.26,6.67,"Very High",1
25017383902,5401,139364,0.97,3.11,"High",0.75
25017384001,1522,96563,9.97,6.21,"High",0.75
25017384002,5999,70271,8.95,6.64,"Low",0.25
25017385100,6953,118625,2.6,1.55,"Low",0.25
25017385201,2572,66549,1.96,4.08,"Moderate",0.5
25017385202,7895,107155,3.5,4.43,"High",0.75
25017386100,4255,158250,3.57,2.92,"Very High",1
25017387100,4297,103583,2.79,4.73,"Very High",1
25017387201,5868,103281,0.89,6.46,"High",0.75
25017387202,4159,127500,1.01,5.45,"High",0.75
25017388100,5287,103556,3.42,5.97,"Very High",1
25017388200,7433,68864,9.12,7.24,"Very Low",0
25017388300,6375,13984,51.41,11.49,"Very Low",0
25017980000,0,NA,NA,NA,"Moderate",0.5
25019950100,1437,73462,0,3.75,NA,NA
25019950200,5181,87344,9.81,3.81,NA,NA
25019950307,408,81563,0,11.37,NA,NA
25019950400,2638,104464,0,1.03,NA,NA
25019950500,1030,84091,1.22,4.89,NA,NA
25019990000,0,NA,NA,NA,NA,NA
25021400100,5071,97132,1.62,3.88,"Very High",1
25021400200,6074,65845,17.48,2.55,"Very High",1
25021400300,4354,126711,1.23,1.49,"Very High",1
25021400400,5675,95278,6.66,3.48,"Very High",1
25021400500,5279,109333,3.71,5.44,"Very High",1
25021400600,5323,105230,1.65,9.18,"Very High",1
25021400700,3365,134792,2.86,5.4,"Very High",1
25021400800,5480,95817,6.04,3.31,"Very High",1
25021400900,4399,64797,11.81,6.8,"Very High",1
25021401000,3259,91705,11.69,7.87,"Very High",1
25021401100,4332,166552,1.83,4.26,"Very High",1
25021401200,6569,112773,3.01,4.29,"Very High",1
25021402101,3488,74866,4.14,4.75,"High",0.75
25021402102,4316,68864,7.39,6.86,"Low",0.25
25021402200,2239,82667,1.72,5.73,"Low",0.25
25021402300,4259,103750,0.61,4.28,"High",0.75
25021402400,6479,94549,0.37,4.22,"Very High",1
25021402500,4491,101944,1.61,2.67,"High",0.75
25021403100,6681,168239,3.55,5.69,"Very High",1
25021403300,4167,160776,0.76,2.13,"Very High",1
25021403400,6995,129940,3.41,5.83,"Very High",1
25021403500,6427,121029,4.71,7.07,"Very High",1
25021404100,4122,147361,2.71,4.8,"Very High",1
25021404201,3895,186974,2.45,5.84,"Very High",1
25021404202,5022,184926,1.02,3.35,"Very High",1
25021404301,5610,198640,3.5,4.55,"Very High",1
25021404302,3680,159400,0,6.69,"Very High",1
25021404400,6580,142143,2.04,6.78,"Very High",1
25021405100,5864,189265,0,3.99,"Very High",1
25021406101,5866,138315,2.51,5.05,"Very High",1
25021406102,6644,152917,2.34,4.53,"Very High",1
25021407100,8110,97591,2,4.36,"High",0.75
25021408101,8122,119345,2.75,5.83,"High",0.75
25021408102,5013,101250,2.92,2.73,"High",0.75
25021409101,6356,131000,5.45,4.63,"High",0.75
25021409102,5283,142969,1.82,2.87,"Very High",1
25021410100,6374,87625,3,7.44,"High",0.75
25021410300,4668,101444,2.3,5.81,"High",0.75
25021410400,6306,93224,3.96,5.31,"High",0.75
25021411100,8154,91959,1.54,6.23,"Moderate",0.5
25021411200,7039,99875,3.48,5.42,"High",0.75
25021411301,5828,104918,2.52,4.91,"High",0.75
25021411302,3892,100268,3.4,1.99,"Moderate",0.5
25021412100,6591,142318,1.91,4.4,"Very High",1
25021412200,3738,139167,0.83,3.27,"Very High",1
25021412300,5035,130764,0.69,4.94,"Very High",1
25021413100,5804,81786,7.32,5.46,"High",0.75
25021413200,6107,69072,10.3,7.7,"Moderate",0.5
25021413300,4977,110721,1.69,5.67,"High",0.75
25021413401,2988,64028,4.28,4.18,"Moderate",0.5
25021413402,4539,85000,4.47,6.32,"Moderate",0.5
25021413500,4603,88825,10.43,2.68,"Moderate",0.5
25021414100,5604,125281,1.91,5.12,"Very High",1
25021414200,7458,163598,0.18,4.55,"Very High",1
25021414300,5131,102083,2.59,5.14,"High",0.75
25021415101,4953,108618,4.82,5.81,"High",0.75
25021415102,8023,69606,9.6,11.45,"High",0.75
25021415200,5789,88698,2.97,7.54,"High",0.75
25021415300,3797,118523,0,3.85,"Very High",1
25021416101,5763,141629,2.63,4.23,"Very High",1
25021416102,3889,104821,3.08,3.75,"Very High",1
25021416200,6725,105500,3.97,5.86,"High",0.75
25021416300,4923,121080,3.69,5.17,"Very High",1
25021416400,6051,122216,2.93,4.13,"Very High",1
25021417100,4470,87535,3.59,4,"High",0.75
25021417200,8234,62188,7.06,6.93,"High",0.75
25021417300,2988,86189,2.35,6.95,"Moderate",0.5
25021417400,2365,86679,2.99,2.64,"High",0.75
25021417501,5117,76406,7.27,7.22,"High",0.75
25021417502,4530,62400,8.2,2.26,"Moderate",0.5
25021417601,5121,70230,4.06,11.33,"Very High",1
25021417602,5012,68689,4.5,4.82,"High",0.75
25021417701,5283,46852,7.83,9.42,"Moderate",0.5
25021417702,2912,85089,3.05,10.82,"High",0.75
25021417801,4814,87566,2.71,6.9,"Moderate",0.5
25021417802,3213,24384,31.84,13.59,"Very Low",0
25021417901,6264,44875,9.27,7.43,"Moderate",0.5
25021417902,3875,60000,9.58,9.19,"Low",0.25
25021418002,6905,69970,4.97,4.24,"Low",0.25
25021418003,2685,81920,10.66,3.21,"Moderate",0.5
25021418004,4406,57202,9.9,5.62,"Moderate",0.5
25021418101,4785,60871,12.26,4.33,"Moderate",0.5
25021418102,3392,52875,11.83,6.72,"Moderate",0.5
25021418200,6978,88833,4.93,10.18,"Low",0.25
25021419100,5890,89514,2.7,5.3,"High",0.75
25021419200,5504,91667,4.77,9.71,"High",0.75
25021419300,4139,62202,20.67,12.44,"Moderate",0.5
25021419400,2950,70156,5.62,6.76,"Moderate",0.5
25021419500,2917,80179,0,5.33,"High",0.75
25021419600,7160,96132,0.71,5.19,"Very High",1
25021419700,4125,84700,2.97,6.04,"Very High",1
25021419800,4381,82784,1.92,4.94,"High",0.75
25021420100,7798,68464,15.49,11.49,"Very Low",0
25021420201,3627,70257,8.73,9.21,"Very Low",0
25021420202,6369,67252,7,8.09,"Very Low",0
25021420301,7149,59022,3.32,17.86,"Very Low",0
25021420302,8583,60145,11.28,10.06,"Very Low",0
25021421100,5498,62530,6.93,8.04,"Low",0.25
25021421200,5510,69283,3.83,7.9,"Moderate",0.5
25021422100,5969,87581,4.05,7.74,"High",0.75
25021422200,7127,74604,3.53,5.26,"Moderate",0.5
25021422301,3130,109063,0.86,6.6,"Moderate",0.5
25021422302,6462,70478,3.57,7.31,"High",0.75
25021422400,7837,66518,5.4,6.4,"Moderate",0.5
25021422501,4947,44832,21.03,4.87,"Moderate",0.5
25021422502,5342,46947,18.54,13.87,"Moderate",0.5
25021422600,7132,73844,1.62,8.63,"Moderate",0.5
25021422700,3686,68250,2,9.46,"Moderate",0.5
25021422800,3969,72273,0.71,6.85,"High",0.75
25021423100,8316,128224,2.95,5.83,"Very High",1
25021440100,8892,92014,0.83,5.89,"High",0.75
25021441202,2965,131917,0.75,3.39,"High",0.75
25021441203,3943,91379,3.54,6.49,"High",0.75
25021441204,4575,89097,0.99,8.01,"High",0.75
25021442101,5826,96806,1.21,7.63,"High",0.75
25021442102,7088,112560,2.23,5.3,"Very High",1
25021442103,7273,131319,0,4.04,"Very High",1
25021442201,4004,136202,2.19,5.76,"High",0.75
25021442202,8682,80591,7,7.99,"High",0.75
25021443101,8087,87889,0,8.14,"Low",0.25
25021443102,8746,95945,3.38,5.92,"Moderate",0.5
25021456101,4313,106829,3.08,6.32,"Low",0.25
25021456102,4865,64013,5.15,4.48,"Low",0.25
25021456200,3792,76563,6.96,5.46,"Moderate",0.5
25021456301,1811,46136,20.04,13.68,"Very Low",0
25021456302,5272,46919,12.58,7.7,"Low",0.25
25021456401,2743,87868,4.48,5.1,"Low",0.25
25021456402,5464,107370,3.43,4.92,"Moderate",0.5
25021457100,4476,68021,3.79,6.92,"Low",0.25
25021457200,5897,136792,0,2.92,"Very High",1
25023500101,3909,83171,5.07,10.46,"Moderate",0.5
25023500103,2209,68520,0,7.25,"Moderate",0.5
25023500104,4319,79250,1.8,8.89,"Moderate",0.5
25023501101,3238,131696,4.35,2.98,"High",0.75
25023501102,8714,127686,2.64,2.56,"Very High",1
25023501201,3824,143375,2.7,4.96,"Very High",1
25023501202,7125,93676,3.92,3.69,"Very High",1
25023502101,6204,75192,1.44,1.41,"Very Low",0
25023502102,5637,77957,2.86,6,"Low",0.25
25023502200,5884,63226,6.58,5.65,"Low",0.25
25023503101,7274,109414,2.82,8.34,"High",0.75
25023503102,7058,99464,0,4.67,"Moderate",0.5
25023504101,5691,97500,1.74,6.05,"Very High",1
25023504102,5154,137557,1.43,5.25,"Very High",1
25023505101,6360,101113,3.13,5.28,"High",0.75
25023505102,5212,122969,2.34,7.87,"Very High",1
25023505200,6818,110515,7.15,5.46,"High",0.75
25023506101,6479,108578,2.28,3.31,"High",0.75
25023506102,5880,84375,5.27,4.93,"High",0.75
25023506202,2627,98393,6.41,6.78,"Very High",1
25023506203,5098,72724,5.86,5.72,"High",0.75
25023506204,5512,79676,1.1,3.56,"Moderate",0.5
25023507101,5386,103750,7.07,5.3,"Very High",1
25023507103,4452,140455,2.03,5.7,"High",0.75
25023507104,5606,121250,2.47,7.06,"Very High",1
25023508101,6637,91557,2.63,4.37,"High",0.75
25023508102,5213,87194,2.75,6.58,"Moderate",0.5
25023508200,6316,100946,1.49,5.05,"Moderate",0.5
25023509101,7112,109796,5.46,8.65,"Low",0.25
25023509102,5994,77361,3.91,4.48,"High",0.75
25023510100,4732,70357,0.51,8.7,"Very Low",0
25023510200,6827,64855,7.94,7.07,"Very Low",0
25023510300,3621,38016,26.95,10.05,"Very Low",0
25023510400,3318,35593,23.22,11.17,"Very Low",0
25023510501,2621,55476,8.18,5.36,"Very Low",0
25023510502,5500,36160,11.9,10.79,"Very Low",0
25023510503,4726,36977,28.75,13.13,"Low",0.25
25023510600,2977,87054,0,5.24,"Very Low",0
25023510700,6264,51488,14.88,6.23,"Very Low",0
25023510800,6899,36950,29.66,13.23,"Very Low",0
25023510900,2345,14375,47.61,26.91,"Very Low",0
25023511000,3191,50549,21.84,25.36,"Very Low",0
25023511100,5415,74081,8.01,10.69,"Very Low",0
25023511200,4905,40625,7.15,12.54,"Very Low",0
25023511301,5724,52470,11.15,12.61,"Very Low",0
25023511302,3360,62446,12.57,10.96,"Very Low",0
25023511400,4085,39659,23.35,16.98,"Very Low",0
25023511500,4665,44329,26.31,9.48,"Very Low",0
25023511600,6562,39736,20.25,9.7,"Very Low",0
25023511701,4437,75500,3.51,4.72,"Very Low",0
25023511702,2639,73125,2.15,6.91,"Very Low",0
25023520100,6743,82153,1.15,6.87,"Moderate",0.5
25023520201,3575,60080,4.45,8.33,"Moderate",0.5
25023520202,5878,81742,1.02,5.66,"High",0.75
25023521101,4338,78516,4.1,4.16,"Moderate",0.5
25023521102,3583,75721,7.91,5.63,"Low",0.25
25023521201,3106,59417,1.53,6.85,"Low",0.25
25023521202,3740,86143,2.87,4.89,"Low",0.25
25023522101,4915,89692,2.44,5.6,"Moderate",0.5
25023522102,5562,94714,2.74,6.94,"Moderate",0.5
25023523100,3357,70337,0,8.42,"Moderate",0.5
25023523201,3003,95236,0.28,4.3,"Moderate",0.5
25023523202,7862,90159,2.04,5.93,"Moderate",0.5
25023524101,3155,98832,0,4.47,"Moderate",0.5
25023524102,3889,70889,3.79,7.42,"Moderate",0.5
25023525101,6264,74915,2.82,6.89,"Low",0.25
25023525104,6825,110825,6.05,7.34,"Low",0.25
25023525203,5677,65492,11.13,4.72,"High",0.75
25023525204,3771,113203,0.95,6.18,"High",0.75
25023525300,1851,NA,NA,NA,"Low",0.25
25023526100,7753,73119,3.28,6.19,"High",0.75
25023530100,4032,50645,13.84,13.44,"Moderate",0.5
25023530200,3469,54009,10.95,4.32,"Low",0.25
25023530300,3913,52695,2.13,3.57,"Moderate",0.5
25023530400,6007,99063,2.37,3.46,"Moderate",0.5
25023530500,5007,55742,5.52,5.84,"Low",0.25
25023530600,6475,96402,1.58,5.64,"High",0.75
25023530700,5115,91033,4.85,4.16,"Low",0.25
25023530801,5893,88588,4.57,6.83,"High",0.75
25023530802,5077,80929,5.02,6.66,"Moderate",0.5
25023530901,8605,98548,1.28,8.27,"Low",0.25
25023530902,4623,101324,5.06,5.47,"Moderate",0.5
25023540101,3878,68614,4.62,2.65,"High",0.75
25023540102,2841,94000,3.42,7.09,"Low",0.25
25023540103,4474,124244,3.18,3.18,"Moderate",0.5
25023541100,5439,103081,3.21,4.96,"Low",0.25
25023542101,7652,97248,0.97,6.88,"Low",0.25
25023542102,2429,70643,1.08,11.63,"Low",0.25
25023542200,6546,68816,1.47,6.18,"Moderate",0.5
25023542300,7415,62233,20.66,8.19,"Moderate",0.5
25023543100,2913,84602,2.41,6.43,"Low",0.25
25023544100,5946,96468,1.22,7.17,"Moderate",0.5
25023544200,5611,59010,1.69,5.44,"Low",0.25
25023545100,7445,74592,7.69,7.73,"Very Low",0
25023545200,5334,65208,8.62,10.07,"Very Low",0
25023545300,4083,74063,5.87,2,"Very Low",0
25023545400,5610,58953,9.48,9.46,"Very Low",0
25023560100,6216,84489,2.96,7.14,"High",0.75
25023561100,5014,75449,1.91,6.31,"Low",0.25
25023561200,2993,40769,0,10.93,"Very Low",0
25023990003,0,NA,NA,NA,NA,NA
25025000100,4185,69818,11.6,7.61,"High",0.75
25025000201,3553,80932,8.98,2.6,"High",0.75
25025000202,3697,66875,15.81,7.72,"Low",0.25
25025000301,2590,86773,14.98,1.93,"Low",0.25
25025000302,3110,72526,11.27,0.32,"Moderate",0.5
25025000401,5127,47619,9.55,4.63,"Moderate",0.5
25025000402,3277,60214,3.53,7.81,"Moderate",0.5
25025000502,5904,51652,10.75,4.76,"Moderate",0.5
25025000503,2076,56522,8.94,6.42,"Moderate",0.5
25025000504,4516,48676,4.65,4.54,"High",0.75
25025000601,3522,58750,7.25,5.36,"High",0.75
25025000602,3575,25364,46.75,2.61,"Moderate",0.5
25025000701,3923,49600,16.46,6.98,"High",0.75
25025000703,1958,32002,0,3.28,"Moderate",0.5
25025000704,4520,50577,3.9,6.21,"High",0.75
25025000802,6570,36000,18.37,5.6,"Moderate",0.5
25025000803,6351,44286,31.16,11.8,"Very High",1
25025010103,3695,30717,0,17.04,"Moderate",0.5
25025010104,4837,57500,7.16,11.93,"Moderate",0.5
25025010203,5058,22306,42.31,4.99,"High",0.75
25025010204,3277,31196,19.11,6.76,"High",0.75
25025010300,5360,40662,9.64,11.42,"Moderate",0.5
25025010403,2907,28351,24.06,8.15,"Low",0.25
25025010404,5076,19595,45.27,15.4,"Low",0.25
25025010405,6015,19395,27.93,15.62,"Low",0.25
25025010408,1410,63036,6.35,2.56,"High",0.75
25025010500,3311,44333,15.23,5.35,"High",0.75
25025010600,3146,97988,8.77,3.52,"Very High",1
25025010701,2793,101117,2.31,3.25,"High",0.75
25025010702,2486,121553,4.67,3.93,"Very High",1
25025010801,3253,118590,0,5.77,"Very High",1
25025010802,3162,118125,1.87,2.58,"Very High",1
25025020101,4418,107019,1.49,5.17,"Very High",1
25025020200,3782,75287,0,1.37,"Very High",1
25025020301,2360,116193,13.7,4.2,"Very High",1
25025020302,1011,84777,0,2.73,"Very High",1
25025020303,3702,79010,14.77,10.07,"Very High",1
25025030100,2186,86667,3.56,1.21,"High",0.75
25025030200,1686,81607,0,3.16,"Very High",1
25025030300,5562,112639,0,7.25,"Very High",1
25025030400,2846,86512,2.9,1.77,"Very High",1
25025030500,2665,101910,0,2.59,"High",0.75
25025040100,2502,142688,0,1.69,"Very High",1
25025040200,1920,37750,37.04,13.75,"Low",0.25
25025040300,4176,102171,25.86,3.31,"Very High",1
25025040401,2610,79750,19.85,3.43,"High",0.75
25025040600,2973,123160,0.72,2.71,"High",0.75
25025040801,4133,59704,39.98,4.45,"Low",0.25
25025050101,5450,41023,17.19,9.69,"Very Low",0
25025050200,6263,54652,6.13,6.59,"Low",0.25
25025050300,2143,15893,27.29,7.27,"Very Low",0
25025050400,2556,52572,9.19,6.92,"Low",0.25
25025050500,2481,48125,12.04,7.5,"Very Low",0
25025050600,2540,67222,11.34,6.55,"Low",0.25
25025050700,5476,55238,22.71,5.55,"Very Low",0
25025050901,4698,57386,18.38,7.94,"Very Low",0
25025051000,4460,49241,15.74,10.1,"Very Low",0
25025051101,7121,57454,16.7,5.84,"Very Low",0
25025051200,2592,63967,18.01,3.82,"Low",0.25
25025060101,3604,105606,5.21,2.22,"Low",0.25
25025060200,2414,110298,1.66,3.86,"Low",0.25
25025060301,3499,92898,0.78,2.15,"Low",0.25
25025060400,5554,100112,7.96,4.63,"Moderate",0.5
25025060501,4136,104970,7.55,4.59,"High",0.75
25025060600,2891,122264,3.65,2.96,"Very High",1
25025060700,2563,19907,46.93,13.54,"Very Low",0
25025060800,4461,101778,7.69,1.02,"Moderate",0.5
25025061000,3138,22133,45.53,16.46,"Very Low",0
25025061101,2211,14500,61.88,24.26,"Very Low",0
25025061200,3901,117378,3.84,2.45,"Very High",1
25025070101,6212,83750,11.34,7.78,"Very High",1
25025070200,5630,21712,20.79,11.57,"Low",0.25
25025070300,4548,101884,9.52,4.48,"Very High",1
25025070402,1897,21480,32.84,10.79,"Low",0.25
25025070500,5887,101583,12.84,4.47,"Moderate",0.5
25025070600,2485,129884,0,1.71,"Very High",1
25025070700,2736,102000,1.44,4.33,"Very High",1
25025070800,3570,71667,4.03,4.21,"High",0.75
25025070900,3154,47688,12.74,5.72,"Moderate",0.5
25025071101,4150,53173,11.11,3.6,"Moderate",0.5
25025071201,3493,50280,20.85,14.33,"Low",0.25
25025080100,2771,30598,18.84,8.85,"Low",0.25
25025080300,2075,31625,14.93,11.48,"Very Low",0
25025080401,3129,31042,31.19,12.64,"Very Low",0
25025080500,3195,23194,39.69,13.52,"Very Low",0
25025080601,4524,16250,38.04,24.73,"Moderate",0.5
25025080801,4298,22450,38.9,19.75,"Very Low",0
25025080900,3727,50988,19.55,8.33,"High",0.75
25025081001,4792,20902,50.07,7.25,"High",0.75
25025081100,4156,41146,26.19,3.25,"High",0.75
25025081200,3416,30819,32.62,10.9,"Very Low",0
25025081300,5300,18275,40.8,8.27,"Very Low",0
25025081400,2754,34107,23.84,7.91,"Very High",1
25025081500,2242,33967,24.42,12.39,"Very Low",0
25025081700,3404,30563,32.86,15.59,"Moderate",0.5
25025081800,3738,35084,22.72,18.19,"Very Low",0
25025081900,3350,20848,41.63,16.26,"Low",0.25
25025082000,2825,36685,20.99,16.06,"Very Low",0
25025082100,5245,18045,50.28,17.49,"Very Low",0
25025090100,4872,28362,33.65,22.97,"Very Low",0
25025090200,2481,27045,27.53,16,"Very Low",0
25025090300,3559,30794,33.33,17.53,"Very Low",0
25025090400,4198,31031,29.02,20.64,"Very Low",0
25025090600,2581,40950,22.42,11.55,"Low",0.25
25025090700,4549,65273,16.06,9.12,"Low",0.25
25025090901,3918,27578,34.32,10.73,"Very Low",0
25025091001,3232,74215,6.83,5.05,"Moderate",0.5
25025091100,5318,67150,17.54,2.93,"Low",0.25
25025091200,3147,64280,26.15,16.6,"Low",0.25
25025091300,2696,35938,23.41,10.38,"Very Low",0
25025091400,2952,42647,17.85,12.48,"Very Low",0
25025091500,4873,48678,20.04,11.12,"Very Low",0
25025091600,3401,37154,14.51,10.45,"Very Low",0
25025091700,3315,40078,23.09,12.65,"Very Low",0
25025091800,3825,38371,28.84,26.54,"Very Low",0
25025091900,4018,46397,15.39,14.08,"Very Low",0
25025092000,5294,46576,26.96,16.75,"Very Low",0
25025092101,6750,49559,20.38,7.36,"Very Low",0
25025092200,3216,67042,5.98,6.6,"Very Low",0
25025092300,3383,43729,24.24,12.26,"Very Low",0
25025092400,5817,29048,34.29,14.78,"Very Low",0
25025100100,6072,28279,30.04,12.9,"Very Low",0
25025100200,2919,37203,22,14.28,"Very Low",0
25025100300,3731,50292,17.53,4.25,"Very Low",0
25025100400,5596,68448,12.86,8.16,"Very Low",0
25025100500,7350,51938,22.14,11.28,"Very Low",0
25025100601,5626,62583,11.23,11.74,"Low",0.25
25025100603,2070,81324,8.46,2.13,"Moderate",0.5
25025100700,4473,71341,2.24,7.16,"Moderate",0.5
25025100800,6409,73868,6.48,9.05,"Low",0.25
25025100900,4258,63271,9.45,9.92,"Very Low",0
25025101001,6856,40764,30.8,13.69,"Very Low",0
25025101002,5307,37588,19.54,9.18,"Very Low",0
25025101101,3721,56903,17.09,15.1,"Very Low",0
25025101102,5099,42949,23.01,15.25,"Very Low",0
25025110103,6547,67027,16.67,4.27,"Low",0.25
25025110201,2476,44449,16.28,11.92,"Low",0.25
25025110301,2712,77500,8.2,8.32,"Moderate",0.5
25025110401,3873,58864,14.52,7.13,"Low",0.25
25025110403,4590,77243,14.06,8.81,"Moderate",0.5
25025110501,3590,78333,8.55,4.55,"Low",0.25
25025110502,4670,80750,2.64,4.71,"Low",0.25
25025110601,2834,85735,8.92,7.83,"Moderate",0.5
25025110607,5277,105319,4.22,6.28,"Moderate",0.5
25025120103,1661,131484,0,0.6,"High",0.75
25025120104,2295,85321,17.38,4.65,"Moderate",0.5
25025120105,2719,137750,2.19,3.11,"High",0.75
25025120201,3638,50366,12.34,9.02,"Moderate",0.5
25025120301,4813,68482,8.87,5.01,"Moderate",0.5
25025120400,6757,84007,6.66,4.07,"Very High",1
25025120500,2665,68413,17.41,15.33,"Low",0.25
25025120600,2407,99911,4.01,1.73,"Moderate",0.5
25025120700,2205,85788,5.76,6.29,"High",0.75
25025130100,6551,81563,0.97,2.47,"Moderate",0.5
25025130200,5016,103438,6.73,3.61,"Moderate",0.5
25025130300,4590,114697,0.4,6.16,"Moderate",0.5
25025130402,5041,66005,3.26,1.8,"Moderate",0.5
25025130404,3209,62208,0,10.32,"High",0.75
25025130406,5650,46695,21.84,3.05,"Low",0.25
25025140102,5041,71250,3.06,11.07,"Very Low",0
25025140105,3928,76285,2.17,6.65,"Low",0.25
25025140106,1912,33185,22.02,5.45,"Very Low",0
25025140107,2532,65000,9.09,6.28,"Low",0.25
25025140201,2397,77832,2.93,5.71,"Low",0.25
25025140202,6282,67359,14.48,6.21,"Low",0.25
25025140300,6961,54505,15.1,7.27,"Very Low",0
25025140400,8971,68042,9.68,10.98,"Very Low",0
25025160101,8972,61518,20.92,7.87,"Very Low",0
25025160200,4347,51250,19.08,4.22,"Very Low",0
25025160300,2553,57478,6.21,8.69,"Moderate",0.5
25025160400,3067,44667,12.7,10.01,"Very Low",0
25025160501,4999,41117,18.65,6.36,"Very Low",0
25025160502,4524,46250,14.96,6.02,"Very Low",0
25025160601,4633,51915,18.87,9.53,"Very Low",0
25025160602,5149,52827,15.58,8.26,"Very Low",0
25025170100,7720,53351,5.96,11.08,"Very Low",0
25025170200,5105,49348,13.48,3.55,"Very Low",0
25025170300,8799,67321,4.52,5.07,"Low",0.25
25025170400,5392,44515,11.35,9.92,"Low",0.25
25025170501,3645,45257,10.57,8.68,"Very Low",0
25025170502,2718,51905,6.59,9.13,"Low",0.25
25025170601,5561,63103,5,7.1,"Very Low",0
25025170701,2057,41635,25.43,12.86,"Very Low",0
25025170702,6357,51073,18.45,5.83,"Very Low",0
25025170800,5799,50745,9.97,11.18,"Very Low",0
25025180101,4786,44179,9.99,3.69,"Moderate",0.5
25025180200,3783,69318,5.41,7.41,"Moderate",0.5
25025180301,3170,82159,3.83,3.89,"High",0.75
25025180400,2014,81250,4.76,3.96,"Moderate",0.5
25025180500,4278,62172,9.09,6.03,"Low",0.25
25025980101,339,NA,NA,51.16,"Very Low",0
25025980300,383,NA,NA,36.5,"Very Low",0
25025980700,11,NA,0,NA,"Very Low",0
25025981000,0,NA,NA,NA,"Very Low",0
25025981100,551,36979,28.36,22.62,"Very Low",0
25025981201,0,NA,NA,NA,"Low",0.25
25025981202,195,NA,NA,0,"Moderate",0.5
25025981300,428,101875,7.69,2.71,"Moderate",0.5
25025981501,0,NA,NA,NA,"Very High",1
25025981502,12,NA,0,0,"Very Low",0
25025981600,0,NA,NA,NA,"Low",0.25
25025981700,0,NA,NA,NA,"Very High",1
25025981800,53,197500,0,11.76,"Very High",1
25025990101,0,NA,NA,NA,NA,NA
25027700100,6171,86219,0.95,7.04,"High",0.75
25027701100,8575,61875,10.22,3.79,"Low",0.25
25027702200,3394,68553,4.28,10.18,"Very Low",0
25027703100,4410,44408,13.42,15.88,"Very Low",0
25027703200,3680,46979,10.54,6.7,"Very Low",0
25027703300,3535,53640,8.06,6.85,"Low",0.25
25027704200,2820,69893,2.81,9.19,"Low",0.25
25027705100,8131,67515,5.77,6.33,"Moderate",0.5
25027706100,4537,84803,3.73,4.7,"Moderate",0.5
25027707100,4317,47064,25.2,8.07,"Very Low",0
25027707200,2052,32300,17.07,10.77,"Low",0.25
25027707300,3968,34839,21.54,9.42,"Very Low",0
25027707400,4519,57951,4.47,5.5,"Low",0.25
25027707500,5478,49637,12.15,5.96,"Low",0.25
25027708100,7480,96953,1.47,4.44,"Moderate",0.5
25027709100,4101,69180,8.39,4.54,"High",0.75
25027709201,6715,68488,11.24,4.42,"Moderate",0.5
25027709202,7447,45135,16.21,9.43,"Moderate",0.5
25027709400,4603,34120,20.44,10.29,"Low",0.25
25027709501,2178,95385,1.32,5.45,"Very High",1
25027709502,5719,65469,0,5.61,"High",0.75
25027709600,2733,46296,11.24,10.73,"Moderate",0.5
25027709701,5112,55172,15.16,5.97,"Moderate",0.5
25027709702,2696,58261,8.74,2.83,"Moderate",0.5
25027710100,3775,46736,14.61,6.48,"Very Low",0
25027710200,6849,67979,11.87,8.47,"Low",0.25
25027710300,3103,65875,12.08,11.51,"Very Low",0
25027710400,2267,51890,13.3,7.52,"Low",0.25
25027710500,3391,35245,24.69,11.97,"Very Low",0
25027710600,6809,53793,12.83,11.58,"Very Low",0
25027710700,1537,17039,41.5,7.24,"Very Low",0
25027710800,4595,31038,27.31,18.16,"Very Low",0
25027711000,3056,38611,9.63,13.21,"Very Low",0
25027711100,5059,71316,4.08,9.42,"Low",0.25
25027712101,6717,85771,7.03,4.17,"High",0.75
25027712102,4370,92750,2.58,4.62,"High",0.75
25027713100,8092,93750,6.91,5.43,"Very High",1
25027715100,5113,151023,1.4,3.54,"Very High",1
25027716100,7723,74102,3.59,4.66,"Low",0.25
25027716200,2636,51250,6.86,4.17,"Low",0.25
25027716300,3400,50795,7.34,8.23,"Low",0.25
25027717100,3061,97614,2.34,2.65,"High",0.75
25027718100,4480,93197,1.08,2.85,"Very High",1
25027719100,7954,104187,3.42,5.39,"High",0.75
25027720100,3451,121500,2.96,6.76,"Very High",1
25027721101,1825,85052,1.73,5.18,"High",0.75
25027721102,8402,95347,1.18,4.61,"High",0.75
25027722100,5456,67500,0,4.94,"Very High",1
25027723100,4109,61786,6.54,10.78,"Very Low",0
25027724100,3767,62969,0,6.08,"Very Low",0
25027725100,4761,70873,3.95,5.62,"Moderate",0.5
25027726100,6011,89231,1.91,4.87,"High",0.75
25027726200,5790,46652,12.12,6.53,"Moderate",0.5
25027727100,4849,93654,2.81,2.54,"Very High",1
25027728100,4383,108710,4.58,3.06,"Very High",1
25027728200,4055,104792,0.89,6.07,"High",0.75
25027728300,4713,86136,0.63,4.69,"Very High",1
25027728400,5149,100619,2.51,6.59,"High",0.75
25027729100,5693,74419,1.71,7.03,"Very High",1
25027729200,2151,73650,6.2,2.98,"High",0.75
25027730100,6254,74324,11.87,8.15,"High",0.75
25027730200,4981,67739,4.14,10.07,"Very High",1
25027730300,4961,58500,6.5,6.19,"High",0.75
25027730401,5290,28856,20.41,8.54,"Very High",1
25027730402,1728,49464,10.33,6.75,"Moderate",0.5
25027730500,3430,46212,22.21,10.27,"Very High",1
25027730600,9451,69647,2.6,7.81,"Very High",1
25027730700,6895,64385,5,6.76,"High",0.75
25027730801,3542,93281,2.86,5.38,"Very High",1
25027730802,2094,86250,12.97,3.37,"High",0.75
25027730901,3380,75179,3.57,5.64,"Moderate",0.5
25027730902,4087,68914,7.2,5.36,"Moderate",0.5
25027731001,2366,73074,5.59,6.27,"Low",0.25
25027731002,5797,40566,18.53,10.66,"Moderate",0.5
25027731101,4173,35799,26.87,9.01,"Low",0.25
25027731102,2640,55804,4.49,4.9,"Low",0.25
25027731202,1510,NA,NA,5.83,"Low",0.25
25027731203,6131,23824,22.19,17.61,"Very Low",0
25027731204,2168,30185,35.03,13.18,"Very Low",0
25027731300,3573,25945,26.61,9.95,"Very Low",0
25027731400,4388,23036,38.92,15.97,"Very Low",0
25027731500,4743,21547,33.08,9.76,"Very Low",0
25027731600,6384,21497,17.03,6.19,"Moderate",0.5
25027731700,2720,25036,53.19,17,"Low",0.25
25027731800,6546,19660,25.21,11.32,"Low",0.25
25027731900,5090,36307,22.06,8.64,"Very Low",0
25027732001,3762,20308,60.27,18.4,"Very Low",0
25027732002,4421,64196,1.84,6.36,"High",0.75
25027732201,2650,50225,6.32,7.89,"Moderate",0.5
25027732202,3091,43878,15.2,7.48,"Low",0.25
25027732203,3516,53448,25.1,8.63,"Low",0.25
25027732301,4462,66170,4.73,6.95,"Moderate",0.5
25027732302,4096,40951,22.66,9.96,"Low",0.25
25027732400,6704,30318,29.09,16.22,"Very Low",0
25027732500,2002,30096,23.39,6.68,"Very Low",0
25027732600,4340,40313,14.42,7.33,"Very Low",0
25027732700,3991,29621,35.01,20.97,"Low",0.25
25027732801,4610,62886,2.8,0.43,"High",0.75
25027732802,4558,61146,7.47,7.71,"High",0.75
25027732901,7404,48244,15.74,7.79,"Low",0.25
25027732902,1405,73750,0,2.6,"Very Low",0
25027733000,3987,40897,19.38,9.34,"Very Low",0
25027733101,2170,59038,7.26,4.25,"Moderate",0.5
25027733102,2186,62833,6.85,5.69,"Moderate",0.5
25027735100,6584,60888,4.58,6.06,"Low",0.25
25027735200,4645,88318,1.03,1.56,"Low",0.25
25027736100,2704,71429,2.81,5.08,"High",0.75
25027736200,3682,73636,1.95,7.48,"Moderate",0.5
25027736300,2471,70417,3.29,5.46,"High",0.75
25027736400,3054,77539,0.95,8.02,"High",0.75
25027736500,4482,68973,1.6,5.8,"Very High",1
25027737100,4984,74472,9.59,4.05,"Very High",1
25027737200,1791,52457,2.04,6.67,"Very High",1
25027737300,6656,76859,3.77,7.79,"High",0.75
25027738100,4718,80078,4.66,6.34,"High",0.75
25027738201,3988,96830,2.88,8.52,"Very High",1
25027738202,6227,117518,4.11,2.85,"High",0.75
25027739100,9744,99792,3.87,5.14,"Very High",1
25027739200,6543,76856,7.36,3.34,"Very High",1
25027739300,3693,84055,2.79,2.15,"Very High",1
25027739400,8920,103765,1.08,5.38,"Very High",1
25027739500,7594,129976,0.71,5.22,"Very High",1
25027740101,5747,124911,0.65,5.18,"Very High",1
25027740102,5915,103100,3.24,3.33,"Very High",1
25027740200,3184,82357,3.71,3.57,"High",0.75
25027741101,4540,123875,3.08,5.71,"Very High",1
25027741102,5428,159922,1.11,2.66,"Very High",1
25027742300,4057,80179,2.45,5.02,"Very High",1
25027742401,5398,165500,1.76,4.68,"Very High",1
25027742402,3710,117300,2.25,3.12,"High",0.75
25027743100,7703,116250,2.83,6.41,"Very High",1
25027744101,7307,89417,3.7,4.7,"High",0.75
25027744102,5150,81000,4.72,5.64,"High",0.75
25027744200,7571,76573,3.45,3.56,"Moderate",0.5
25027744300,4049,53643,8.25,6.14,"Low",0.25
25027744400,4352,66726,8.7,8.71,"Moderate",0.5
25027745100,5942,99792,1.04,4.59,"High",0.75
25027746100,5963,121298,0,7.12,"Very High",1
25027747101,5192,77115,2.83,5.75,"High",0.75
25027747102,3876,72434,3.41,8.4,"Moderate",0.5
25027748100,3218,91250,5.29,6.1,"Low",0.25
25027749100,7417,97474,2.64,9.12,"Moderate",0.5
25027749200,6348,77879,9.91,8.92,"Moderate",0.5
25027750100,6310,60410,7.84,6.64,"Low",0.25
25027750200,7360,92674,4.6,3.56,"High",0.75
25027750300,2711,52266,10.29,10.43,"Low",0.25
25027751101,6195,97201,2.28,2.36,"Very High",1
25027751102,3013,117500,0.92,5,"High",0.75
25027752100,8665,90020,2.63,3.27,"Moderate",0.5
25027753100,7604,71049,8.88,5.27,"Moderate",0.5
25027753200,6240,56078,6.98,3.66,"Moderate",0.5
25027754100,5782,63977,3.81,4.73,"Low",0.25
25027754200,3788,36216,16.05,8.08,"Very Low",0
25027754300,3214,36324,9.61,15.18,"Very Low",0
25027754400,4054,55875,8.36,9.99,"Very Low",0
25027755100,3614,53214,11.31,11.45,"Moderate",0.5
25027755200,7994,68301,4.67,8.34,"Moderate",0.5
25027756101,4495,77717,3.85,6.87,"Moderate",0.5
25027756102,8797,97885,2.48,9.23,"Moderate",0.5
25027757100,4441,50558,14.88,7.33,"Very Low",0
25027757200,2484,31157,29.04,9.97,"Very Low",0
25027757300,2643,33778,19.25,7.09,"Very Low",0
25027757400,3020,59412,8.14,12.32,"Low",0.25
25027757500,4236,67713,5.69,6.94,"Low",0.25
25027758101,1683,75083,6.37,6.62,"Moderate",0.5
25027758102,7768,91991,2.01,3.73,"Very High",1
25027759100,2259,80714,1.75,6.5,"Very Low",0
25027760100,3386,63906,5.95,6.75,"Moderate",0.5
25027761100,5178,51882,6.45,5.7,"Very Low",0
25027761200,5541,92283,4.82,5.62,"Very High",1
25027761300,3397,91172,2.69,3.9,"Moderate",0.5
25027761400,6570,131719,2.13,4.8,"Low",0.25
